Code,Category,MD5,AHash,SourceFile
BAN-001,Bangles,c9553a472fd28ad63d1cce2050c626f8,1111111111100011110010011101110011001100110000011111001111111111,img_1.jpg
BAN-002,Bangles,41993d569e951392a649bd06c927b327,1111111111111111110001111001001110111011100100111000011111111111,img_2.jpg
BAN-003,Bangles,078368e387bdd4315a067008c002a2e6,1110011111000011100110011001110110011001110000111111111111111111,img_3.jpg
BAN-004,Bangles,ab2122c633e2b998e86dad167f99b7bb,1111111111101111110000111100000111000011100000111100001111111011,real_photo_1.jpg
BAN-005,Bangles,f421c18f47fb625f2f229c33beb6bad0,1111111111111111100000011000000110000001100000011001101111111111,real_photo_2.jpg
HAC-001,Hair Clips,cfa1f0cfa9072f5a71fa7af50b613b9a,1111111111111111111111111100001111000011111000111111111111111111,img_1.jpg
HAC-002,Hair Clips,3ef82c9803ea8787f9bf95e1f54ee704,1111111111111111111111111110001111100001111000111111111111111111,img_2.jpg
HAC-003,Hair Clips,b9e0f3146901cd44c4380f67b74f5a24,1111111111111111111111111100001111000011111111111111111111111111,img_3.jpg
HAP-001,Hair Pins,a37f1709d4ad54f93c8fd43a2c526cf8,1111111111101001111001011111001111111001111111011111111111111111,img_1.jpg
HAP-002,Hair Pins,7494ea5619ca95a9542548f5fa21ddb8,1111111111010011110010111110011111110011111110111111111111111111,img_2.jpg
HAP-003,Hair Pins,1fb496857891dd022951c86053f1e8da,1111111111111111100100111100111111100111111100111111111111111111,img_3.jpg
NEC-001,Necklace,bb5031de2fab9038874e4992ea5d3cde,1110000111001001110111011111111111111111111101111111001111111111,img_1.jpg
NEC-002,Necklace,98b0bb259c97eb96c760443fdf842b2c,1110001111000001110011001111111111111111111111111111001111111111,img_2.jpg
NEC-003,Necklace,b2d0d83f765760945aa0be8c1fa49abc,1100011111000011100110011111111111111111111111111110011111111111,img_3.jpg
SAP-001,Saree Pins,41931b95a6f0662442fce5feaf1890a6,1111111111110111111101111110001111100011111000111110001111111111,img_1.jpg
SAP-002,Saree Pins,d0c6e0f1cf757ddaeb9baac1d45d8dc8,1111111111111111111011111100011111000111110001111100011111111111,img_2.jpg
SAP-003,Saree Pins,3f68b2855bec0d551a8d060abec3e398,1111111111111111111101111111011111100011111000111110001111111111,img_3.jpg
BAN-006,Bangles,a5323236618976b54e3ec4ac2b40eca6,1110011111000111111000111100000111000001111000011110001111111111,1.jpeg
BAN-007,Bangles,955aa8dfaf0949f5b0c64b13b2766c82,1111111111000111100000111100001111000001110000011111001111111111,10.jpeg
BAN-008,Bangles,0a639f3f377558d3bc3909408b444145,1000100110001101011111001010000010000000100000001100001111111111,11.jpeg
BAN-009,Bangles,015f86cee0ddf09bb2c209e601919a13,1111111111111111111000001000000010000001000000110000001100000111,12.jpeg
BAN-010,Bangles,fa7d721693d6a7956c6345ddb035632a,1111111111100011100000111000001110000001000000011100001111111111,13.jpeg
BAN-011,Bangles,f357c9c07587c8cd9deab1a084c725a1,1111111111111111000100011000000000000001100100011000000110011011,14.jpeg
BAN-012,Bangles,57454d8b09fc34b6615e45e9d4297af7,0000000000000000100000011000000111000001110000111110011111111111,15.jpeg
BAN-013,Bangles,b7c301e8211079c47df947b270dc3c79,1111000111000001110000011100000110000001110000011100000111110001,16.jpeg
BAN-014,Bangles,8bdb3b405d7e28be19d5c7b0928dbdcf,1111110010011111111101111100001000000000000000000010000011000100,17.jpeg
BAN-015,Bangles,b66cb5e30f77b3efef80dcb2acfe6a73,1111111111100111110000111100000111000000110000011110011111111111,18.jpeg
BAN-016,Bangles,d42463a5c8756036f51cbdbbbe1ee6fe,1111111111110011111101111110111111000110000100000001000000000000,19.jpeg
BAN-017,Bangles,6d05e3af1dfcb40fe389c4d9486d9038,0001100100011100000111100001111111110111111000010000000000000000,2.jpeg
BAN-018,Bangles,853ab5110e33a7ef77fd5de10591948f,1111111111111111110000011001001110000001100000011110001111111111,20.jpeg
BAN-019,Bangles,815619f29e7fdacd9048d4150c2d909f,1111111110000011100000111000001110000011100000111100001111111111,21.jpeg
BAN-020,Bangles,023a7906329f8aaf3b8f9e3cb1a9ad43,1111111110000000100000001000000010000000100000011100001111111111,22.jpeg
BAN-021,Bangles,df276c9107c358e87068031209cafede,0111110011111110111111111000011110000111100001110000011111000111,23.jpeg
BAN-022,Bangles,ed21d90e62a577b12f33a9e922d2e4e3,1111111100100000000000101100000111000000101000001111000011111000,24.jpeg
BAN-023,Bangles,bdf73c5e0fec6b1f6b3459cc2e5de209,1111111111110001111000001000000000000000000000000000000000000111,25.jpeg
BAN-024,Bangles,46f1c19f30503c8e35ad50760ba74b4c,1111111111111111100000101000000010000000100000001000000010000000,26.jpeg
BAN-025,Bangles,2cde6f5f609826562ae693e46d36afb8,1011111011000010100001000000000110000011110001011110001111110001,27.jpeg
BAN-026,Bangles,e6f26513a10db8e201adb64f43a41f7f,1111111111011111111101111110000011000000000000001000000011000000,28.jpeg
BAN-027,Bangles,8dc8655729b7c5d8accf1eb5395000e0,1111111111100001111000001100000011000000100000001000001111100000,29.jpeg
BAN-028,Bangles,7138acb78d7eed716064949b618e26e3,1111111011111100111111101111110011001000100000000000000000000000,3.jpeg
BAN-029,Bangles,52d025a697e2b2d7296b4ac80609fac6,1111111101111111011101110000000000000000000000000000000010011101,30.jpeg
BAN-030,Bangles,f0f0ae5ce2814679bb159c916e3f66c9,1011111100100111010000110000000010000100110000001111000111111111,4.jpeg
BAN-031,Bangles,97deea1b62e53e10942e13040e4489b1,0111111100000000110100011000000010000000100000001110000111111111,5.jpeg
BAN-032,Bangles,f703ae85f8f71d760231286f0238512f,0111111110000011000000010000000100100001000000010000000101111111,8.jpeg
EAR-001,Earings,6eb60dc096f49373ee3831d77008fb48,1111110011111100111111101001100000000000000000000000000100000011,1.jpeg
EAR-002,Earings,ebd7231962b1e6f3b219ba26016d7dc2,0000000011111111010101010101010100000000010101100000000011111111,2.jpeg
EAR-003,Earings,fcb69dc6f0687cfd12aedcc5deeddb96,0000000011011111110111110000001101010111111110101100011000001110,3.jpeg
EAR-004,Earings,9bb0ab1229dfe1672b12a54632076354,1110001011100110111101111111110011001100110001001100010001100000,4.jpeg
EAR-005,Earings,0c5dec3aa08eeec24181e80c8c207144,0000000000111111001001110000111100001111000011110000011100111111,5.jpeg
HAB-001,Hair Bands,a36f241fd5560419250654a70138a91c,0000001011000001100110011000110111000001110000011110010111100111,1.jpeg
HAC-004,Hair Clips,17d165903befdce867acad2d7c46d133,0000000010000110111111110011011100111111001111111011111100001111,1.jpeg
HAC-005,Hair Clips,f06f9b540fdc51843ea436c2fa947c28,1000000110000001100000011000001110000111110000111100001111101111,10.jpeg
HAC-006,Hair Clips,995d0a3b01d55e87e155ca1838b4abb5,1100000011000001110000011100001111000011110000011100000111100111,11.jpeg
HAC-007,Hair Clips,6c0ccc5131cf9970288661d89056daa3,1111111111111111100000011000000010000100100101111001111111111111,12.jpeg
HAC-008,Hair Clips,5ec2217bb871d7dcb45e37c43b754e08,1110011100100110100100101001001111001001010010010110111101111000,13.jpeg
HAC-009,Hair Clips,477b4d8c0877e76f60d34a8baa47108d,0000000000111111001111110111111101100010011111100011111000000000,14.jpeg
HAC-010,Hair Clips,9b22956e7f539fc1624492b3ce78e741,0011100011111100111111110111111001111110001111110011111100010000,15.jpeg
HAC-011,Hair Clips,ffa6539601b27e740edd430c952ee10d,0000000000000000001001100111111111111111011101100011010000000000,16.jpeg
HAC-012,Hair Clips,87e504b296b256693dc491321edb570d,1111111111100011110000111110011111100111100000001000011111111111,17.jpeg
HAC-013,Hair Clips,fb5145b504a6c68dd0243d6ce092b4e6,1111100011110000110000111110011111100111111000001000000010000100,18.jpeg
HAC-014,Hair Clips,c0183911e2e3e01641c7abfaac40bfe6,0000111100011100110011001100011111110011100000010001100011111001,19.jpeg
HAC-015,Hair Clips,28b97c106ebb3eccdab9878e0ba20f78,0000001100000100000000111000001111100001111111001111110011111110,2.jpeg
HAC-016,Hair Clips,f8308018b0ba9003f498cbd1aabf3e4b,1111111111100001100000011000000110011000111111101100001011100000,21.jpeg
HAC-017,Hair Clips,99186d9c208d1a530e985e33e1fabe2f,0001110100110100000001100111111011100111110000110000001000111111,22.jpeg
HAC-018,Hair Clips,a3391c6d926485da77206690fb1bc6bc,1111111111111111000000000000000000000000000000001111111111111111,3.jpeg
HAC-019,Hair Clips,8954b86b3466cb1971daf25e86107c4f,1111111111111111010000010100000100100001000000110011111111111111,4.jpeg
HAC-020,Hair Clips,0b43b1c635821756cfef70b3d012f9da,1111111111110111110000111000011110010011100010111100011111100111,5.jpeg
HAC-021,Hair Clips,36a57ddcffd6dabe518e2463886566ef,0000000000100000111101000111111100111110011111101110000000000011,6.jpeg
HAC-022,Hair Clips,1ca23e65d4e6a4bf4a5e3175e2eba89e,0111111100111111000111111000111110000111111000111111000111111011,7.jpeg
HAC-023,Hair Clips,b2b4a3526d9ac9d0b9448af64dbc9cb7,1111111111111111100000110000000100000001001000111111101111111111,8.jpeg
HAC-024,Hair Clips,c32c2800adfa00b23145fcbd1a52aea2,1111111110000001100000011111111110000001000000000000000111111111,9.jpeg
NEC-004,Necklace,0dce813702fbc2688cb6757df7fc122f,0100000001100000111100001111100011111111110100011000011110001111,1.jpeg
SAP-004,Saree Pins,c81c3488259a6cfde2f9734c7526b940,1111111111111111111111111100000111000001110000011100000111111111,1.jpeg
SAP-005,Saree Pins,d87279fe0f4cd4bab9dc3355b9c0e4ce,1101100111000001001100000011110000111111001111110001011100001110,2.jpeg
SAP-006,Saree Pins,a2e0d45a6138f2075ff8b5f793a9a0c3,1111111111000111110000111110011111000100110000001110000011111100,20.jpeg
SAP-007,Saree Pins,f42293243ec5f79bcc065be0a350cab6,1111111111110011111000111100000000000001000000110000001100000111,3.jpeg
SAP-008,Saree Pins,e6970fa0d054ff1e15e6085afddbe46b,1111111110001000000000010000000000000001000000011000001111000001,4.jpeg
