Code,Category,Name,Rate,SourceFile
BAN-006,Bangles,Half White Lotus Bangle,700,1.jpeg
BAN-007,Bangles,Pink and Pearl Eye Bangle,1350,10.jpeg
BAN-008,Bangles,Flower Jade Green Bangle,950,11.jpeg
BAN-009,Bangles,Square Dot Pink and Green Bangle,1200,12.jpeg
BAN-010,Bangles,Lakshmi Coin Three Bangle,950,13.jpeg
BAN-011,Bangles,Leaf Square Bottle Green Bangle,850,14.jpeg
BAN-012,Bangles,Fluorescent Pink Bangle,900,15.jpeg
BAN-013,Bangles,Gold Flower Dot Green Bangle,1275,16.jpeg
BAN-014,Bangles,Red Square and Flower Bangle,750,17.jpeg
BAN-015,Bangles,Gold Ceramic and Lotus Bangle,900,18.jpeg
BAN-016,Bangles,Heavy Lakshmi Coin Bangle,1000,19.jpeg
BAN-017,Bangles,Onion Pink Rose Bangle,700,2.jpeg
BAN-018,Bangles,Lakshmi Coin Red Bangle,1400,20.jpeg
BAN-019,Bangles,Mustard Maroon Bangle,1500,21.jpeg
BAN-020,Bangles,Bridal Bangle,1150,22.jpeg
BAN-021,Bangles,Single Bracelet Bangle,400,23.jpeg
BAN-022,Bangles,Purple Square and Flower Bangle,850,24.jpeg
BAN-023,Bangles,Green Clip Stone Bangle,1500,25.jpeg
BAN-024,Bangles,Gold and Maroon Square Bangle,1400,26.jpeg
BAN-025,Bangles,Green and Red Lotus Bangle,1500,27.jpeg
BAN-026,Bangles,Purple Eye Bangle,1000,28.jpeg
BAN-027,Bangles,Heavy Lotus Purple Bangle,500,29.jpeg
BAN-028,Bangles,Green and Pink Lotus Bangle,750,3.jpeg
BAN-029,Bangles,Baby Pink Square Bangle,950,30.jpeg
BAN-030,Bangles,Mustard Maroon Bangle,1650,4.jpeg
BAN-031,Bangles,Bridal Ramar Blue Bangle,1500,5.jpeg
BAN-032,Bangles,Green Eye Dot Bangle,625,8.jpeg
EAR-001,Earings,,175,1.jpeg
EAR-002,Earings,,120,2.jpeg
EAR-003,Earings,,200,3.jpeg
EAR-004,Earings,,140,4.jpeg
EAR-005,Earings,,120,5.jpeg
HAB-001,Hair Bands,,200,1.jpeg
HAC-004,Hair Clips,,250,1.jpeg
HAC-005,Hair Clips,,210,10.jpeg
HAC-006,Hair Clips,,275,11.jpeg
HAC-007,Hair Clips,,Each Rs. 110,12.jpeg
HAC-008,Hair Clips,,Each Rs. 175,13.jpeg
HAC-009,Hair Clips,,Each Rs. 180,14.jpeg
HAC-010,Hair Clips,,Each Rs. 375,15.jpeg
HAC-011,Hair Clips,,210,16.jpeg
HAC-012,Hair Clips,,Each Rs. 250,17.jpeg
HAC-013,Hair Clips,,175,18.jpeg
HAC-014,Hair Clips,,"First 2 clip Rs. 175
3rd One Rs. 250
Band Rs. 257",19.jpeg
HAC-015,Hair Clips,,250,2.jpeg
HAC-016,Hair Clips,,Each Rs. 140,21.jpeg
HAC-017,Hair Clips,,325,22.jpeg
HAC-018,Hair Clips,,Each Rs. 90,3.jpeg
HAC-019,Hair Clips,,250,4.jpeg
HAC-020,Hair Clips,,"1st Rs. 150
2nd Rs. 250
3rd Rs. 150",5.jpeg
HAC-021,Hair Clips,,Each Rs. 300,6.jpeg
HAC-022,Hair Clips,,150,7.jpeg
HAC-023,Hair Clips,,Each Rs. 150,8.jpeg
HAC-024,Hair Clips,,Each Rs. 200,9.jpeg
NEC-004,Necklace,,650,1.jpeg
SAP-004,Saree Pins,,200,1.jpeg
SAP-005,Saree Pins,,175,2.jpeg
SAP-006,Saree Pins,,Each Rs.110,20.jpeg
SAP-007,Saree Pins,,Each Rs.220,3.jpeg
SAP-008,Saree Pins,,275,4.jpeg
